id,fullName,email,phone,status
1,Juditha,jburberry0@japanpost.jp,790-493-9943,pending
2,Alysa,agilbard1@youtube.com,512-655-2897,pending
3,Richart,rzanre2@geocities.com,812-469-2671,
4, Cary , kayne3@icio.us,676-115-1311,in progress
5,Claudius,cscripture4@illinois.edu,155-149-7590,archived
6,Aubert,asattin5@furl.net,246-198-7043,on hold
7, Nonna , hosby6@360.cn,553-372-5908,in progress
8,Berny,bwetherald7@arizona.edu,139-616-1878,pending
9,Matteo,mbenaharon8@pen.io,499-543-0491,resolved
10,Ermina,ekippax9@issuu.com,,on hold
11,Cesare,cmactrustriea@facebook.com,820-109-6716,suspended
12,Ceil,chouseagob_at_canalblog.com,440-848-6339,inactive
13,Dulci,drankenc@indiatimes.com,829-962-3792,archived
14,Mario,mbarnewelld_at_nifty.com,,pending
15,Chaddie,cschruure@seattletimes.com,526-233-8081,archived
16,Regen,rgiacomazzof@berkeley.edu,485-198-9875,active
17,Alasteir,asnooksg@storify.com,585-140-0087,archived
18,Hilda,hpettyh@wikispaces.com,759-490-4893,cancelled
19,Ilka,ikoubui@sun.com,,completed
20,Farrand,fberingerj@goo.gl,602-185-4758,
21,Erastus,efadellk@virginia.edu,259-462-1599,cancelled
22,Nikki,nharbidgel@latimes.com,559-829-4976,active
23,Michel,mbaulchm@tinyurl.com,,suspended
24,Bear,bdawburyn@sun.com,605-322-1022,on hold
25,Ced,,508-836-0483,cancelled
26,Cheston,ckindonp@mail.ru,743-232-6258,inactive
27,Trudi,tascrofteq@ocn.ne.jp,361-746-6961,in progress
28,Matilde,mjandelr@miibeian.gov.cn,631-736-0664,pending
29,Emmie,eronchkas@gnu.org,628-273-7227,inactive
30,Terrie,tfettert@archive.org,521-596-7024,suspended
31,Sandy,scraigmyleu@samsung.com,905-234-8743,resolved
32,Dorelia,dmcdouglev@vinaora.com,857-948-5769,archived
33,Rosalynd,rclistw@devhub.com,267-926-5353,suspended
34,Stephan,spontefractx@home.pl,708-642-4892,suspended
35,Giacobo,gfaceyy@rediff.com,159-172-7152,completed
36,Giustino,gspightz@harvard.edu,209-590-4305,on hold
37,Rey,rstolberger10@fema.gov,,resolved
38,Kristoffer,ktelega11@google.cn,609-343-3148,suspended
39,Austin,ajuanes12@berkeley.edu,217-269-8489,
40,Ryan,rsweed13@nature.com,161-488-2329,inactive
41,Waylan,whevey14@sourceforge.net,196-463-0506,pending
42,Dede,,455-323-1001,pending
43,Ora,oeatock16@blinklist.com,548-359-5454,active
44,Glenden,gdutchburn17@photobucket.com,826-808-5226,
45,Albertine,akensit18@comcast.net,110-313-9825,active
46,Ashlee,ahuriche19@unicef.org,666-221-0184,cancelled
47, Rochester , varns1a@forbes.com,114-598-2242,inactive
48,Jannel,jrioch1b_at_jigsy.com,239-635-9025,on hold
49, Dorena , deroos1c@va.gov,825-288-4329,suspended
50,Eamon,edamsell1d@over-blog.com,396-169-8219,archived
51,Aluin,anorgate1e@oracle.com,934-563-6670,suspended
52,Dyann,dverrell1f@prlog.org,,archived
53,Branden,bnewbury1g@instagram.com,171-231-2687,in progress
54,Tedman,trenner1h@hp.com,401-356-5472,
55,Glenda,gaston1i@instagram.com,912-203-5797,resolved
56, Toddy , gallety1j@domainmarket.com,,suspended
57, Ingram , weatherley1k@apple.com,811-537-4831,inactive
58,Janifer,jangel1l@nature.com,510-840-4187,cancelled
59,Elden,edunrige1m@wsj.com,,completed
60,Janeta,,169-113-6050,on hold
61,Husein,,827-490-3845,active
62,Tom,tgouley1p@state.tx.us,,suspended
63,Daren,ddur1q@youtu.be,708-232-1305,suspended
64,Owen,,779-914-8957,in progress
65,Gwendolyn,ggirauld1s@acquirethisname.com,485-253-2015,active
66,Mala,mkinnier1t@geocities.com,195-247-8228,in progress
67,Barr,bcardenoso1u@acquirethisname.com,676-580-2658,suspended
68,Marice,mbuy1v@addthis.com,879-408-7966,
69, Karlens ,,,on hold
70,Frederigo,folsen1x@ow.ly,874-344-1319,in progress
71,Carilyn,cwhinray1y@imgur.com,562-771-6692,completed
72,Egon,effrenchbeytagh1z@nature.com,453-203-4924,suspended
73,Waylen,wrustadge20@wisc.edu,105-767-8542,resolved
74,Yehudit,ypeplay21@linkedin.com,401-479-5312,cancelled
75,Caren,ccockburn22@vistaprint.com,725-553-3317,on hold
76, Aaren ,,216-457-3396,inactive
77, Emlyn , cogswell24@webmd.com,,in progress
78, Leoine , braikenridge25@twitter.com,881-564-3407,resolved
79,Gerri,gsouley26@msu.edu,,archived
80,Thain,tbalchen27@admin.ch,684-432-7445,cancelled
81,Cammi,,504-308-4866,completed
82,Pru,pcaisley29@soundcloud.com,791-634-5585,pending
83,Hagan,hbeamson2a@mayoclinic.com,411-170-8632,
84,Bianca,bwhye2b@nyu.edu,399-133-4185,resolved
85,Adele,amayward2c@amazonaws.com,231-188-7274,
86, Bethina , scrigmour2d@ft.com,334-479-3250,completed
87,Alverta,adilland2e@slashdot.org,494-873-3162,inactive
88,Louise,lpotten2f@nih.gov,578-594-3877,inactive
89,Floria,fbassham2g@latimes.com,295-296-8796,suspended
90,Julie,jaristide2h_at_sciencedaily.com,280-666-2482,archived
91, Rafaelia , peatheyjohns2i@apache.org,257-771-9333,on hold
92,Grantham,glaxen2j@pbs.org,553-643-6026,suspended
93,Kerri,khalliberton2k@miitbeian.gov.cn,612-765-5785,resolved
94,Ximenez,xdobrowlski2l@sina.com.cn,835-265-0948,pending
95,Saxe,schecchetelli2m_at_nationalgeographic.com,805-844-2570,completed
96,Saidee,ssallowaye2n@whitehouse.gov,606-573-0527,resolved
97,Bogey,bdibiasi2o@va.gov,384-880-5957,archived
98,Lonee,lgillbard2p@vimeo.com,183-512-9515,active
99,Doti,dthroughton2q@sakura.ne.jp,239-777-0306,resolved
100,Lyndy,lgalbreath2r@fda.gov,381-398-1484,suspended
101,Wilfred,,525-689-1398,
102, Irena , dargie2t@weebly.com,651-555-4816,suspended
103,Aurea,amassingberd2u@ed.gov,959-979-1497,archived
104,Jeana,jgout2v@mail.ru,927-179-3846,cancelled
105,Forest,ftourne2w@hatena.ne.jp,991-271-5617,completed
106,Udale,,620-929-5989,
107,Simonne,slergan2y@purevolume.com,952-239-6776,pending
108,Lizzy,ldavidde2z@apache.org,,
109,Fraze,fkirsop30@mit.edu,584-254-6027,suspended
110,Lucila,lbalf31@dion.ne.jp,568-247-3501,in progress
111, Pansy , vanderhoeven32@dropbox.com,543-830-2991,
112,Gusta,gfaulks33_at_prlog.org,155-262-0907,
113,Sydel,sfischer34@accuweather.com,836-743-2289,archived
114,Art,abathow35@theatlantic.com,729-406-0322,completed
115,Judd,jdiloway36@fda.gov,129-173-4877,active
116,Normy,ndeblasio37@canalblog.com,818-148-8717,pending
117,Tomas,tduckerin38@spotify.com,612-498-6336,inactive
118, Kalil , symcoxe39@prweb.com,385-111-4906,pending
119, Martguerita , ocrevan3a@yahoo.co.jp,963-336-8901,on hold
120,Cybill,cwheatland3b@mit.edu,266-384-7202,suspended
121,Nelly,nritson3c@fema.gov,168-703-7073,
122,Halimeda,hwooff3d@oaic.gov.au,,archived
123,Kahaleel,kgautrey3e@istockphoto.com,186-170-8762,on hold
124,Augy,acosyns3f@amazon.co.uk,472-953-7134,on hold
125,Gunilla,ggofford3g@friendfeed.com,422-182-0071,archived
126,Clarabelle,cgibbings3h@taobao.com,676-774-5338,on hold
127,Selia,slongea3i@netscape.com,611-634-7088,on hold
128,Cchaddie,cstoneman3j@discuz.net,171-336-8904,in progress
129,Selie,,979-106-4389,resolved
130, Binky , romeuf3l@phoca.cz,994-452-7218,pending
131,Gabbie,gmangeney3m@opensource.org,,completed
132,Augustine,aspinney3n@eventbrite.com,304-906-7100,completed
133,Torey,tedgeller3o_at_europa.eu,708-604-3181,in progress
134,Caryl,cingledew3p@nifty.com,264-442-2820,active
135,Rowena,rstockey3q@bizjournals.com,893-765-3343,resolved
136,Amie,apeeters3r@so-net.ne.jp,994-289-8014,suspended
137,Tarrance,tshout3s_at_admin.ch,846-217-0553,archived
138,Lambert,ljoyes3t@indiatimes.com,443-548-9332,active
139, Gardner , acey3u_at_taobao.com,429-135-8274,in progress
140,Temple,tmacgillreich3v@huffingtonpost.com,348-232-2741,completed
141,Jemmy,jsimka3w@ehow.com,902-872-7535,resolved
142,Arron,acleal3x@scientificamerican.com,,in progress
143,Elena,ewelch3y@gnu.org,443-454-0587,cancelled
144,Mina,msmillie3z@comsenz.com,480-347-0018,resolved
145,Dexter,ddodworth40@devhub.com,725-160-5647,
146,Bobbi,byoutead41@cnbc.com,951-295-7836,
147,Merrily,mkenninghan42@indiatimes.com,655-608-1587,completed
148,Hazel,hpopping43@stanford.edu,732-347-0992,on hold
149,Winnie,wmilkin44@usatoday.com,808-516-6370,active
150,Georgianne,gdawidman45@devhub.com,577-162-3845,cancelled
151,Charisse,cnaulty46@wufoo.com,670-159-8844,resolved
152,Delcina,dhavile47_at_craigslist.org,794-443-8345,pending
153,Jacob,jschutze48@hud.gov,759-540-0082,in progress
154, Lorine , oscanlon49@flickr.com,,suspended
155,Beau,bcrofthwaite4a@comsenz.com,303-888-7189,
156,Rana,rbednell4b@google.com.br,365-467-2896,completed
157,Dolf,dandreuzzi4c@noaa.gov,585-630-8703,in progress
158, Zena , bumby4d@independent.co.uk,456-402-4278,in progress
159,Annemarie,abougen4e@ox.ac.uk,709-339-9423,on hold
160,D'arcy,dvanacci4f@ifeng.com,,active
161,Erminie,ebroggio4g@exblog.jp,344-946-4532,
162,Austina,apresdie4h@bluehost.com,744-971-5318,pending
163,Luca,lbagby4i@vistaprint.com,462-516-7421,completed
164,Brant,bdallosso4j@facebook.com,814-942-0838,completed
165, Carmelita , spirritt4k@weather.com,,pending
166,Gilbertina,ggwyer4l@opera.com,255-567-3688,
167,Arlyn,aewols4m@sphinn.com,200-512-3114,active
168,Pammi,pkent4n@wordpress.org,,on hold
169,Filberte,fesposito4o@cpanel.net,512-645-4058,pending
170,Rosamund,rstaton4p@4shared.com,170-840-5769,resolved
171,Kary,kbullar4q@irs.gov,216-597-4922,active
172,Pattie,pgotecliffe4r@cargocollective.com,817-351-7425,resolved
173,Amata,aberry4s@skyrock.com,953-538-6152,resolved
174,Devlen,dgowdie4t@answers.com,423-818-7578,in progress
175,Cesaro,chackett4u@bigcartel.com,779-564-0457,resolved
176,Ruthie,rnewcome4v@springer.com,741-487-9790,cancelled
177,Delila,dhrinchishin4w@amazonaws.com,776-362-7104,resolved
178,Dudley,dbeynke4x@ebay.co.uk,344-728-0474,suspended
179,Jonas,jlesslie4y@biglobe.ne.jp,,completed
180,Merrili,mcrosby4z@so-net.ne.jp,495-654-4878,active
181,Randie,ragutter50@sina.com.cn,515-235-9647,in progress
182,Dyane,,920-350-9429,in progress
183,Tadd,tkobel52@ask.com,809-857-7261,in progress
184,Geordie,gszubert53@twitpic.com,817-438-6317,on hold
185,Abigale,ahawkins54@hc360.com,213-468-1012,completed
186,Sampson,sgrimstead55@etsy.com,979-143-1853,pending
187,Adrian,abyrd56@youtube.com,,in progress
188,Guglielmo,gfortune57@google.co.uk,431-168-2019,in progress
189, Inigo , menendez58@usda.gov,961-485-5800,on hold
190,Vyky,vbuckell59@ox.ac.uk,686-408-3644,pending
191,Chris,cjansky5a@reuters.com,,
192,Gerome,gpardie5b@smugmug.com,672-720-2826,on hold
193,Dusty,,550-813-2707,archived
194,Carolan,,898-415-0604,archived
195, Nickolai , drohun5e@yale.edu,815-487-1803,on hold
196,Herve,hleele5f@reference.com,332-763-9118,suspended
197,Trent,tbritzius5g@netlog.com,995-658-8412,active
198,Sigvard,scount5h@nationalgeographic.com,293-529-4178,
199,Chauncey,cdarby5i@tmall.com,434-969-0738,
200,Jeremias,jgibb5j@mit.edu,750-240-8221,suspended
201,Myrle,mallridge5k@jugem.jp,226-911-6226,
202,Klarika,kcockarill5l@hc360.com,441-914-8373,active
203, Rouvin , paoletti5m@ustream.tv,371-604-3409,archived
204,Emmie,ethirlwall5n@about.com,428-934-8564,resolved
205,Brok,bborrott5o@patch.com,925-638-2301,
206,Elberta,estarling5p@google.ru,143-187-9058,completed
207,Burk,bgounod5q@redcross.org,551-264-7296,in progress
208,Niko,nedmonstone5r@disqus.com,,in progress
209,Dierdre,dgallacher5s@cdbaby.com,944-588-8963,suspended
210,Kacy,kjakubovicz5t@cpanel.net,698-426-2546,completed
211,Culley,cmiddlemass5u@xing.com,,
212,Lyndy,lpetrina5v@newyorker.com,673-996-5369,inactive
213,Petra,phaville5w@google.de,341-277-1047,pending
214,Urbain,uharrod5x@apple.com,809-632-9733,archived
215, Lorna , sivyer5y@google.ca,648-888-8770,
216,Harrie,hhachette5z@amazon.de,988-342-3927,on hold
217,Britteny,bbostick60@ustream.tv,227-878-1072,suspended
218, Phillis , sheehan61@chron.com,194-579-5040,resolved
219,Doti,dkurt62@istockphoto.com,596-314-5652,completed
220, Kippie , mattioni63@loc.gov,149-617-3926,active
221, Izabel , netherclift64@reference.com,109-253-1674,on hold
222,Jeane,jhawler65@nifty.com,172-234-0201,completed
223,Aida,abrosel66@google.co.uk,758-507-8413,
224,Brittne,bstatefield67@about.me,573-995-6253,inactive
225,Willy,wpitcher68@tamu.edu,760-498-3937,suspended
226,Rudy,rfenlon69@jalbum.net,984-317-4981,completed
227,Courtney,carundel6a@wix.com,577-516-1061,active
228,Kary,kduesberry6b@xing.com,334-665-7839,completed
229,Goldina,gdiruggero6c@mac.com,857-678-1067,
230,Quintana,qgregory6d@multiply.com,609-263-6571,resolved
231,Cherry,,950-815-6963,pending
232,Jacky,jreichert6f_at_utexas.edu,874-520-7824,resolved
233,Rachael,rebdon6g@zimbio.com,761-203-0825,active
234,Vinny,vcopins6h@paginegialle.it,821-254-6106,
235, Natalee , wordley6i@go.com,,archived
236,Marissa,mredmore6j@hubpages.com,319-466-6105,completed
237,Frazer,fdurman6k@businessinsider.com,597-537-2083,resolved
238, Mace , snazle6l@fotki.com,685-203-0446,inactive
239,Caterina,cburr6m@weebly.com,808-570-2504,inactive
240,Felita,fparcall6n@spotify.com,279-763-4940,completed
241,Price,ppeoples6o@cnn.com,513-658-4223,resolved
242,Willabella,wbeevers6p@google.ca,612-729-5983,archived
243,Claire,ccaslin6q@hubpages.com,794-878-4918,archived
244,Bone,bsandels6r@exblog.jp,113-766-5242,on hold
245,Gilly,gholdall6s@taobao.com,362-574-6303,on hold
246,Gram,,971-326-0141,suspended
247,Rock,rconaghan6u@unc.edu,819-673-3858,pending
248,Devonne,dheavens6v@webeden.co.uk,904-143-8694,inactive
249,Eilis,egniewosz6w@japanpost.jp,670-886-7993,archived
250,Enrico,elilburne6x@instagram.com,772-611-1963,inactive
251,Alix,alahiff6y@phoca.cz,,cancelled
252,Veradis,vsafe6z@shinystat.com,214-568-1800,resolved
253,Myrta,,947-847-8231,in progress
254,Grace,gewbanke71@acquirethisname.com,794-919-2099,
255,Halli,hwevell72@nps.gov,821-731-5906,archived
256,Matty,mtrenbey73@over-blog.com,855-107-3989,completed
257,Isidore,ifeld74@hud.gov,542-401-2858,active
258,Cliff,cjorczyk75@behance.net,795-691-1249,on hold
259,Hans,hfilippozzi76@mashable.com,167-152-0825,archived
260,Sindee,smckinty77@rambler.ru,607-317-4663,resolved
261,Pandora,poscandall78@51.la,894-229-3513,completed
262,Jaquith,jmabbott79@loc.gov,562-239-1005,archived
263,Jermaine,jgabala7a@jalbum.net,890-413-9099,completed
264,Raychel,rterrell7b@blogtalkradio.com,194-761-2982,inactive
265,Ira,,152-211-5197,active
266,Ash,apeotz7d@ameblo.jp,492-216-5315,completed
267,Harlie,hkless7e@taobao.com,309-806-7906,in progress
268, Marcie , goney7f@npr.org,541-106-5328,completed
269,Itch,icossons7g@joomla.org,464-900-6023,completed
270,Kimble,krolse7h_at_jugem.jp,190-798-7447,resolved
271,Winifred,wtomik7i@toplist.cz,553-685-0073,inactive
272,Evangelia,erout7j@biblegateway.com,756-770-8875,resolved
273, Abba , macdermand7k@columbia.edu,779-227-7243,on hold
274,Manfred,mfrancesch7l@cloudflare.com,712-353-0999,
275,Siusan,subanks7m_at_surveymonkey.com,850-858-7120,completed
276,Phillipp,promeuf7n@soup.io,,cancelled
277,Kai,kiorns7o@wp.com,638-107-7679,on hold
278, Benoit , albarez7p@hud.gov,879-345-8607,pending
279,Regina,,305-992-6741,pending
280,Petronille,pditts7r@usnews.com,806-387-4104,completed
281,Brenden,bvooght7s@hibu.com,659-688-9278,completed
282,Elicia,epraundl7t@amazon.co.jp,930-654-3406,resolved
283,Lannie,lmussard7u@seesaa.net,670-737-3261,resolved
284,Alyson,atight7v@earthlink.net,702-718-8384,cancelled
285,Edgard,eslayny7w@va.gov,206-992-1220,
286,Tomlin,tpullin7x@slideshare.net,250-926-9341,resolved
287,Corny,,951-393-0828,inactive
288,Kipp,kmeier7z@mapquest.com,,completed
289,Flem,fhof80@rediff.com,627-149-1398,inactive
290,Pamella,ptrunchion81@princeton.edu,858-556-6536,inactive
291,Olenolin,osturney82@europa.eu,586-666-7152,archived
292,Ninetta,netherson83@macromedia.com,740-860-0629,on hold
293, Loy , depinna84@amazonaws.com,554-138-0163,
294,Tyne,tmaccawley85_at_mozilla.org,396-876-3045,suspended
295,Ricky,rpassie86@cloudflare.com,106-295-2367,completed
296,Thatch,taspray87@google.ca,591-754-6290,completed
297,Kalil,kpierpoint88@sakura.ne.jp,,on hold
298,Lucian,lohederscoll89@deviantart.com,718-179-7988,inactive
299,Ky,ksnarie8a@jiathis.com,572-813-0560,completed
300,Oralle,oburridge8b@blogs.com,142-415-7236,pending
301,Gregoor,gpashe8c_at_howstuffworks.com,100-247-3112,completed
302,Hillery,hwroth8d_at_vistaprint.com,615-312-7954,completed
303,Luis,lgooder8e@list-manage.com,,inactive
304,Seka,shein8f@discovery.com,709-887-9821,in progress
305,Mala,mlightbody8g@csmonitor.com,789-390-3275,suspended
306,Bogart,bgoakes8h@businessinsider.com,,suspended
307,Carine,cdecayette8i@nationalgeographic.com,878-321-5756,cancelled
308,Bobby,bpetrillo8j@yellowbook.com,862-593-7271,archived
309,Raina,,920-531-8714,
310, Ricca , swadlin8l@google.com.hk,388-208-5280,completed
311,Fransisco,fshovlar8m@people.com.cn,249-659-6747,suspended
312,Ely,eyounger8n@forbes.com,393-153-8673,
313,Terra,tpennone8o@unesco.org,281-975-5290,pending
314,Obidiah,ogrunnell8p@fotki.com,777-286-9975,inactive
315,Gerrie,gproschke8q@upenn.edu,318-754-1554,archived
316,Francesca,ffarbrace8r@blog.com,383-298-6364,suspended
317,Marlin,mpiff8s@earthlink.net,652-906-0457,inactive
318,Chuck,ciianon8t@nps.gov,122-498-5681,suspended
319,Montgomery,mklementz8u@yale.edu,447-739-7086,cancelled
320,Ariela,adeer8v@mtv.com,671-297-1680,
321,Jenna,jgoodyer8w@usgs.gov,691-633-2881,inactive
322,Reynold,rcaukill8x@flickr.com,519-378-2492,in progress
323,Maddy,mrobertsen8y@archive.org,560-626-5519,completed
324,Consuelo,cinkles8z@whitehouse.gov,133-789-3443,inactive
325,Ennis,esturgeon90_at_bravesites.com,157-495-9724,active
326,Jaclin,jsimo91@mashable.com,,in progress
327,Em,ehightown92@bluehost.com,425-381-9903,archived
328,Cinda,cmckeveney93@hp.com,750-174-2899,cancelled
329,Sheffie,sgraser94@instagram.com,298-155-9253,archived
330,Ema,efusco95@usatoday.com,777-210-6491,pending
331,Evered,epike96@a8.net,266-288-6120,inactive
332,Wilden,,229-831-4261,on hold
333, Calvin ,,,on hold
334,Jerald,jarundell99@soundcloud.com,152-241-1495,active
335,Rubin,rkeenlyside9a@paypal.com,905-578-0811,active
336, Justino , jansky9b@mtv.com,105-193-5414,cancelled
337,Zena,zcorck9c@bbc.co.uk,657-548-7517,suspended
338,Caryl,ckirkbright9d@latimes.com,112-208-2716,active
339, Dore , demendoza9e@toplist.cz,473-832-6982,on hold
340,Sam,ssaltman9f@npr.org,143-133-0770,archived
341,Selestina,sallum9g@who.int,165-739-8706,
342,Farrah,fspenley9h@hugedomains.com,,
343,Kalinda,kgershom9i@flickr.com,672-589-7698,completed
344,Dulcy,dokeshott9j@un.org,995-523-7542,completed
345,Domenic,dblakeden9k@yellowbook.com,329-661-4857,pending
346, Mae , rustedge9l_at_blogspot.com,,resolved
347,Jeno,jpeacop9m_at_shop-pro.jp,,active
348,Pen,psimcock9n@ifeng.com,323-233-2865,suspended
349,Willie,wsiggins9o@wix.com,387-340-6693,
350,Kaleb,kgemmell9p@phoca.cz,,resolved
351,Noellyn,ndrains9q@webnode.com,323-456-3528,archived
352,Dorie,djodrellec9r@jiathis.com,268-285-7377,inactive
353,Sal,,293-356-7183,completed
354,Lil,lshimoni9t@biglobe.ne.jp,934-222-4578,inactive
355,Damon,dbrando9u@craigslist.org,569-547-7179,on hold
356,Valentine,vspelwood9v@irs.gov,412-502-8292,
357, Haily , norkutt9w@hc360.com,286-690-6181,resolved
358,Danyelle,dculp9x@cnet.com,144-426-3296,resolved
359,Ingeberg,iemmet9y@army.mil,563-308-3495,pending
360,Brnaby,bpetofi9z@army.mil,811-675-0716,suspended
361, Alexio , sabbina0@tinypic.com,,cancelled
362,Angelita,alemonniera1@yellowbook.com,915-671-2737,inactive
363,Kordula,kflintoffea2@pbs.org,,cancelled
364, Freeman ,,617-179-5362,resolved
365,Consalve,cdreakina4@scientificamerican.com,916-209-5388,cancelled
366, Koralle , lammerta5@java.com,581-303-8228,active
367,Valdemar,vcasottia6@bigcartel.com,485-369-4580,resolved
368,Kimmi,kshimonia7_at_bandcamp.com,886-373-1122,completed
369,Theodosia,tmiddupa8@taobao.com,,completed
370,Daryn,,756-558-3948,resolved
371,Ashla,aghilardiaa_at_gmpg.org,342-196-8765,in progress
372,Tony,tferraroneab@discuz.net,,pending
373,Zorine,zsanterac@ted.com,846-918-6503,archived
374,Bidget,bkardosstowead_at_miibeian.gov.cn,643-509-8865,
375,Katrinka,kgrolleae@nsw.gov.au,391-811-3081,inactive
376,Cordie,ctatheraf@phoca.cz,869-466-7537,cancelled
377,Dory,dhoveyag@booking.com,380-388-8009,active
378,Norine,njarreltah@vistaprint.com,748-137-4297,on hold
379,Lynsey,locaineai@ovh.net,333-873-4847,
380, Letta , harpaj@yolasite.com,459-168-1185,in progress
381,Buddy,barnullak@jiathis.com,553-249-8423,active
382,Ysabel,ytoplissal_at_livejournal.com,849-431-9460,completed
383,Noby,nkillgusam@i2i.jp,553-186-0974,pending
384,Cathlene,cmaccauleyan@e-recht24.de,893-880-6995,completed
385, Debbi , jeffelsao@amazon.co.uk,566-967-9425,
386,Glyn,gspraggeap@t.co,876-516-2935,suspended
387,Kari,kwemyssaq@phoca.cz,653-658-1191,completed
388,Abraham,acreenanar@vk.com,987-117-1997,archived
389,Carlita,carntzenas@ca.gov,389-104-8707,
390,Shepperd,smacnellyat@soup.io,416-239-1245,resolved
391,Herculie,hcaineyau@upenn.edu,334-421-6083,in progress
392,Hewie,hquittondenav@spotify.com,672-646-4772,archived
393,Jeralee,jphilippeaw@dion.ne.jp,579-829-8456,completed
394, Gusti , tutsellax@multiply.com,453-959-9730,archived
395,Jody,jbokenay@goodreads.com,416-665-3288,completed
396,Orlando,obrockaz@google.com.au,683-265-5813,suspended
397,Milty,mblaszczakb0@skype.com,743-460-4315,suspended
398,Thorin,tdigginsb1@goo.ne.jp,980-536-2343,cancelled
399,Florinda,fjerzykiewiczb2@4shared.com,257-407-0074,suspended
400,Peta,phowsegob3@washingtonpost.com,955-957-6182,resolved
401,Vikki,vwrangleb4@paginegialle.it,386-184-0303,on hold
402,Rea,rriddlerb5@ox.ac.uk,578-679-6292,pending
403, Odelle , steartb6@disqus.com,617-690-2021,active
404,Anabelle,ahamssonb7@guardian.co.uk,616-607-6940,resolved
405, Gunther , deetchb8@netvibes.com,980-162-0100,suspended
406,Delphine,dgumleyb9@uiuc.edu,879-893-0328,suspended
407, Mic , arnallba@cornell.edu,480-174-4838,in progress
408,Ulrica,ulunambb@utexas.edu,907-128-2197,
409,Maribeth,mdawkesbc@weather.com,963-539-4061,suspended
410, Roby , cotterillbd@irs.gov,208-352-9550,resolved
411,Fawnia,frafflesbe@fastcompany.com,546-697-5112,inactive
412,Esmaria,elongmaidbf@google.it,330-813-3803,on hold
413,Charmaine,callchornbg@dailymail.co.uk,727-158-6048,archived
414,Flori,fandrasbh@wunderground.com,691-441-8785,active
415,Hermann,hygobi@nymag.com,215-829-4589,suspended
416,Cathy,cbarriballbj@shareasale.com,609-460-7512,archived
417,Bevan,bscottingbk@reddit.com,840-656-7300,cancelled
418,Else,epetrillobl@deviantart.com,355-582-2575,resolved
419, Lissy , penberthybm@clickbank.net,348-701-0144,
420,Jaime,jmaragabn@etsy.com,838-176-5095,
421,Raimondo,rgoveybo@acquirethisname.com,,pending
422,Beniamino,bmoffatbp@smh.com.au,134-239-4548,in progress
423, Elliot , pellantbq@addthis.com,176-989-0729,active
424,Berni,bmonnibr@businessweek.com,326-670-1258,on hold
425,Waverley,wkeunemannbs@sitemeter.com,,cancelled
426,Gabby,gshuttebt@senate.gov,359-480-0059,on hold
427,Chad,cadamowiczbu@columbia.edu,566-509-8589,resolved
428,Sarajane,smcsporonbv@merriam-webster.com,471-822-9362,archived
429,Vasili,vtimblettbw@umich.edu,628-648-0148,on hold
430,Nerita,nchristescubx@barnesandnoble.com,450-685-2717,active
431,Rosemarie,roatesby@amazonaws.com,334-456-0713,archived
432,Dore,ddanilyukbz@mapquest.com,400-455-4219,
433,Devlen,dmacscheriec0@alibaba.com,,
434,Kort,,295-577-0507,active
435,Powell,pnewcomec2@tuttocitta.it,812-637-9633,
436,Jacenta,jhauxbyc3@dot.gov,769-801-6829,cancelled
437,Rosanne,,904-911-7816,resolved
438,Antin,amandifieldc5@archive.org,578-768-1919,cancelled
439,Lev,lsorsbiec6@digg.com,198-443-7861,resolved
440,Niall,nsutorc7@google.de,364-314-6194,cancelled
441,Manya,mmaynardc8@boston.com,644-997-7010,resolved
442,Adel,aganforthec9@bravesites.com,882-633-2075,archived
443,Alfons,agoscombca@usnews.com,557-486-1990,cancelled
444,Cayla,carmincb@wufoo.com,,cancelled
445,Lyn,ldaviddecc@aol.com,768-660-2484,
446,Charyl,cgrinleycd@hhs.gov,715-749-6874,suspended
447,Karyl,kthickensce@gnu.org,987-697-0674,
448,Ellerey,eillingsworthcf@webs.com,365-250-9906,resolved
449,Bartlet,bbendelowcg@globo.com,,resolved
450,Chane,crobardch@fastcompany.com,920-432-0780,pending
451,Nicolas,nmanusci_at_cafepress.com,722-881-7666,cancelled
452,Elga,egrishincj@tumblr.com,817-138-5105,in progress
453, Idette , quidenhamck@goo.gl,942-680-7741,completed
454,Hans,handrichakcl_at_yolasite.com,827-725-8593,inactive
455,Sallyanne,sgoodycm@arizona.edu,499-759-5144,in progress
456,Sena,sthewscn@godaddy.com,747-382-0253,
457,Hilly,hmaddisonco@earthlink.net,534-373-9529,in progress
458,Jerry,jradbourncp@purevolume.com,733-504-6161,resolved
459,Cherida,cpetrenkocq@bing.com,820-755-1234,on hold
460,Charil,cflanderscr@pcworld.com,597-573-7328,inactive
461,Chelsie,cgrebertcs@newyorker.com,237-280-9651,inactive
462,Chip,cthomtonct@godaddy.com,384-895-4046,pending
463, Daveen , tooncu@ameblo.jp,101-841-3614,
464,Sheryl,santonatcv@wikimedia.org,406-699-0174,
465,Forester,fschroedercw@squarespace.com,296-575-5640,inactive
466,Tripp,tformillicx@surveymonkey.com,419-593-2693,inactive
467,Karon,kheckscy@soup.io,143-587-3158,resolved
468,Trefor,tkoberacz@nhs.uk,875-750-1407,active
469, Bridgette , pairemand0@naver.com,571-402-9574,completed
470,Lucie,lpasqued1_at_amazon.de,362-379-4248,pending
471, Massimiliano ,,803-375-4864,active
472,Tabbi,tscempd3_at_sfgate.com,950-484-8501,active
473, Yardley , rizzolod4@cocolog-nifty.com,173-144-4065,suspended
474,Willy,wudend5@artisteer.com,259-667-5667,
475,Bat,bcirlosd6@51.la,104-522-6508,resolved
476, Oswell , clemsond7@house.gov,267-222-0331,archived
477,Eleanor,ejessardd8@dmoz.org,719-890-4845,
478,Coralyn,cboyced9@netvibes.com,216-937-3979,archived
479,Nike,nglencrashda@engadget.com,639-145-2546,suspended
480,Hamnet,hchilversdb@moonfruit.com,660-679-4772,completed
481,Ania,acraighalldc@army.mil,423-377-1879,active
482,Conni,cbucktroutdd@hubpages.com,938-691-7922,in progress
483,Jourdan,jbaudainde@seesaa.net,686-280-5032,pending
484,Scarlett,sgiacobodf@accuweather.com,302-361-0660,in progress
485,Paulo,pwardingtondg@omniture.com,521-762-8994,
486, Rafaelita , ashbornedh@acquirethisname.com,254-734-1850,in progress
487,Sylvia,spointerdi@soup.io,,in progress
488,Pail,pdodridgedj@nymag.com,756-270-9989,archived
489,Brynne,,303-779-3982,in progress
490,Katharine,kstaningdl@blogtalkradio.com,602-963-0947,in progress
491,Cristen,csquibbdm@redcross.org,471-656-6130,inactive
492,Chase,ctrainerdn@huffingtonpost.com,763-198-6756,completed
493,Verile,vfransesdo@1und1.de,654-679-2637,active
494,Weider,wbuntondp@networkadvertising.org,380-521-7261,
495, Anson , warcupdq_at_jiathis.com,701-389-2256,pending
496,Dusty,dmcgrearydr@sogou.com,,inactive
497,Germana,gtommaseods@mozilla.org,177-759-9352,on hold
498,Walker,wmatschkedt@blogger.com,458-309-8366,resolved
499,Waylen,,166-174-6043,pending
500,Nanice,nmuldowniedv@google.com,163-559-2663,pending
501,Thibaut,tapthorpedw@zdnet.com,,in progress
502,Alisha,adavidsendx@com.com,,pending
503,Aguste,ajeppersondy@ibm.com,143-437-5669,
504,Codi,cclayfielddz@ustream.tv,280-997-0441,
505,Sandro,sabramove0@ehow.com,704-955-6929,suspended
506,Creighton,cgraithe1@latimes.com,115-303-2070,suspended
507,Ashley,aproffere2@meetup.com,330-696-3784,cancelled
508, Eleonore , tillye3@oakley.com,736-598-8991,inactive
509,Bartholemy,bangoode4@japanpost.jp,,resolved
510,Stacy,sfuzzeye5@arstechnica.com,987-805-1273,suspended
511,Philippine,psatterfitte6@google.ca,470-513-6454,resolved
512,Arvin,,463-172-1144,active
513,Marlo,mwindhame8@blogspot.com,,resolved
514,Karim,kcarloe9@nydailynews.com,453-201-5067,cancelled
515,Binny,bnuddsea@symantec.com,,
516,Shaylyn,sdoblineb@constantcontact.com,405-130-3209,resolved
517,Esme,ewillisonec@purevolume.com,343-105-7204,active
518,Erma,ecurleyed@omniture.com,,archived
519,Geri,ghavikee@opera.com,787-168-9713,inactive
520,Moina,mkauscheref@arizona.edu,843-191-8815,suspended
521,Brian,bbusaineg@goo.ne.jp,,inactive
522,Ervin,eowensoneh@thetimes.co.uk,224-328-6259,resolved
523,Neddie,nshahei@paypal.com,407-216-9934,in progress
524,Clemente,corrobinej@flavors.me,976-112-6214,
525,Rabi,rmillierek@trellian.com,911-330-6499,archived
526,Sioux,spadgettel@ovh.net,901-217-5324,archived
527,Cully,cdanilinem@github.com,328-344-6575,pending
528,Lutero,lhardsen@cnet.com,617-532-9209,archived
529,Friederike,,686-135-7215,
530,Lona,lfetterplaceep@auda.org.au,927-468-2048,in progress
531,Gertrud,,971-298-4916,pending
532,Madella,mbettleyer@blogs.com,653-423-2253,on hold
533,Florrie,fmatzeles@g.co,705-794-6183,on hold
534,Waly,wheateret@cnet.com,165-118-0355,in progress
535,Adore,aswinburneu@hostgator.com,982-583-2217,cancelled
536,Antonetta,aperillioev@parallels.com,768-917-7290,pending
537,Melli,mmacgaughyew@jalbum.net,142-600-9816,in progress
538,Tobin,tbernardesex@home.pl,550-132-2483,completed
539,Bibby,bstrangwardey@google.nl,518-918-8183,cancelled
540,Welch,wgurtonez@fotki.com,919-637-0608,active
541,Darlleen,dpaolozzif0@sina.com.cn,213-550-4810,in progress
542,Noach,ndeangelisf1@e-recht24.de,140-887-1487,on hold
543,Rosalynd,rcrevyf2@amazon.co.jp,753-411-6549,cancelled
544,Brandy,bbuschf3@wunderground.com,943-730-9645,suspended
545,Sonny,strimmef4@wsj.com,218-292-2234,pending
546,Sholom,sbuglarf5@mysql.com,747-399-5040,pending
547,Chelsea,,138-930-1136,inactive
548,Mason,mcopperf7@umich.edu,822-288-4914,
549,Lacy,llongmoref8_at_hp.com,709-341-7769,active
550,Royal,roldisf9@blogger.com,124-210-0974,
551,Melva,mmordefa@economist.com,487-930-3853,pending
552,Daile,dambroisefb@facebook.com,816-362-5218,
553,Dory,dnolifc@slideshare.net,867-466-8073,completed
554,Worth,wmullyfd@simplemachines.org,605-292-0373,
555,Iormina,ihumfe@miitbeian.gov.cn,439-447-5317,in progress
556,Tami,tcoggenff@51.la,949-155-7533,
557,Brana,bthornhamfg@reverbnation.com,107-312-5827,
558,Alexandr,ajaumetfh@free.fr,698-986-5010,completed
559,Chastity,cmcnirlanfi@illinois.edu,771-861-3423,
560,Carey,csongerfj@feedburner.com,813-376-1678,pending
561,Aili,aphilipeauxfk@godaddy.com,131-892-2120,cancelled
562, Alair , fernantfl@macromedia.com,,active
563, Irwinn ,,484-673-5918,suspended
564,Evangelina,ebarnsfn@artisteer.com,,completed
565,Josi,jferronifo@fastcompany.com,567-586-0256,on hold
566, Darill , hankardfp@engadget.com,,in progress
567,Madel,mwaumsleyfq@rakuten.co.jp,699-321-0604,suspended
568, Harlen , hayenfr@nature.com,895-162-5396,pending
569,Wendi,wadlamfs@wix.com,663-871-4119,
570,Anita,amanklowft@soup.io,,in progress
571,Deeyn,,136-382-2931,suspended
572,Ki,kmalthusfv@so-net.ne.jp,591-653-1241,active
573,Matias,mnewnhamfw_at_virginia.edu,150-270-5988,pending
574,Kaiser,krippenfx@amazonaws.com,378-543-6567,on hold
575,Blondy,bfairriefy@japanpost.jp,282-140-5291,archived
576,Bax,bcarnewfz@phpbb.com,334-283-9363,pending
577,Gratia,ggrgicg0@lulu.com,651-753-6705,suspended
578,Charmian,cronchig1@dailymotion.com,169-637-9034,in progress
579, Tove , calveleyg2@reddit.com,686-815-5514,resolved
580,Christalle,ccassamg3@blinklist.com,649-328-9266,resolved
581,Laura,lsalvageg4@examiner.com,219-502-2357,completed
582,Cara,chebnerg5@wp.com,860-765-7377,archived
583,Carolann,cmcelreag6@reddit.com,481-944-9597,completed
584,Sylvia,sbloweng7@reuters.com,378-520-2471,inactive
585,Frederigo,fheymanng8@dell.com,951-232-2360,completed
586,Tammy,traundg9@tamu.edu,365-360-5124,
587,Ignazio,icraigsga@huffingtonpost.com,788-664-4369,on hold
588,Lora,ldeshongb@paypal.com,213-212-0633,completed
589,Jada,jsellekgc@psu.edu,842-777-9192,in progress
590,Bess,bbothbiegd@indiatimes.com,374-294-9453,pending
591,Patric,pwarmingtonge@google.it,326-712-1776,active
592,Ignatius,imullisgf@skyrock.com,497-527-5875,suspended
593,Carmel,cfaynegg@github.com,677-434-5028,resolved
594,Dave,dgagesgh@twitpic.com,325-133-7538,in progress
595,Dasha,dgorrygi@dyndns.org,261-789-1660,on hold
596,Shae,sbowerygj@qq.com,466-871-1472,cancelled
597,Ammamaria,abretellegk@alexa.com,,pending
598,Arlen,akimmgl@ebay.com,252-658-4347,archived
599,Reynold,rbonigm@google.com,556-177-9982,pending
600, Marcia , gaign@cloudflare.com,126-575-1603,in progress
601,Noami,nblaxlandego@nyu.edu,188-601-1035,cancelled
602,Hester,haindraisgp@angelfire.com,950-475-8426,
603,Ian,,,active
604,Maurice,mmertschinggr@paypal.com,521-905-8986,suspended
605,Catarina,croughsedgegs@census.gov,813-653-8386,in progress
606, Pren , swornegt@shareasale.com,213-462-1429,cancelled
607,Nilson,nsherargu@creativecommons.org,349-340-3939,suspended
608,Anna-diana,abravegv@sitemeter.com,845-889-2014,archived
609,Fayette,fgraalmansgw@mac.com,713-636-1576,archived
610,Anatole,atraskgx@biglobe.ne.jp,245-607-6891,suspended
611,Loren,ldudinggy@mtv.com,819-853-5528,pending
612,Brewster,btoomeygz@foxnews.com,571-223-5913,inactive
613,Robin,rlambartonh0@xinhuanet.com,472-932-8833,archived
614,Rubia,rmaxwellh1@cyberchimps.com,,
615,Lucilia,ljeppsh2@noaa.gov,951-493-0385,archived
616,Corinna,cdaishh3@reverbnation.com,173-903-1279,
617,Brietta,,965-675-3775,completed
618,Filbert,fscraggsh5@wp.com,847-899-5710,on hold
619,Gabriella,gfinlatorh6@joomla.org,292-560-1681,in progress
620,Tersina,tmapledoramh7@bbc.co.uk,431-867-2610,suspended
621,Hubert,hbrushneenh8@ucoz.com,618-847-2683,archived
622,Raimund,rprugelh9@hud.gov,761-790-0349,suspended
623,Frederick,fjeffsha@pbs.org,919-504-8898,resolved
624,Shalom,sbrittinhb@utexas.edu,782-742-5682,cancelled
625,Kaitlin,kgilchriesthc@webeden.co.uk,550-555-0545,suspended
626,Bambi,bmacneachtainhd@usatoday.com,771-722-6021,archived
627,Belicia,bfarrancehe@delicious.com,525-199-1787,inactive
628,Sascha,scranglehf@multiply.com,641-949-4086,in progress
629,Melinde,mreggianihg@mapquest.com,656-796-7691,pending
630,Garvy,gjenkinshh@chron.com,353-640-6053,completed
631,Emmalynne,egariochhi@google.pl,437-651-4177,completed
632,Dionne,drosenbloomhj@elegantthemes.com,187-337-8082,
633, Dion , merillhk@youtube.com,890-203-2041,
634,Vasily,vpietrihl@pbs.org,877-207-4207,cancelled
635,Rosemarie,rcampbelldunlophm@soup.io,763-490-8680,completed
636,Pierce,pcheesemanhn@unc.edu,,pending
637,Abbe,aleitchho@blogger.com,337-231-0843,inactive
638,Aaren,alonginahp@zimbio.com,456-776-0787,pending
639,Dall,dlawhq@irs.gov,201-675-4082,
640,Berte,bwyldeshr@cnn.com,388-217-4240,resolved
641,Gearard,gpollicatths@pen.io,903-392-2859,inactive
642,Ninetta,nnorcrossht@wordpress.com,479-660-5245,resolved
643,Chaim,,343-498-0501,inactive
644,Shaine,ssainterhv@meetup.com,317-605-7220,suspended
645,Phil,poakwoodhw@telegraph.co.uk,360-827-2489,on hold
646,Lisbeth,lgoldneyhx@istockphoto.com,,active
647,Benedicta,bbannerhy@alibaba.com,141-692-6633,on hold
648,Oren,oriddifordhz@buzzfeed.com,,inactive
649,Cynthy,cmicklewrighti0@sphinn.com,649-831-6725,cancelled
650,Winnifred,wswiresi1@mit.edu,267-934-4204,inactive
651,Gabbie,gfranchionii2@cloudflare.com,238-119-4915,suspended
652,Harcourt,,734-589-6669,suspended
653,Pavel,pszreteri4@t-online.de,146-926-2610,resolved
654,Karrie,kninottii5@taobao.com,358-432-5509,resolved
655,Hadrian,hreediei6@booking.com,489-814-8207,pending
656, Lettie , currini7@exblog.jp,530-727-1877,pending
657,Ted,tcuxsoni8@yandex.ru,513-984-3889,completed
658,Donny,dbaggallayi9@accuweather.com,306-692-6889,archived
659,Conrado,cmordeia@princeton.edu,,suspended
660,Selig,smckintoshib@nytimes.com,481-397-0593,suspended
661,Pavlov,pwolfendaleic@infoseek.co.jp,229-188-8748,in progress
662,Giles,gmacgilleid@blogs.com,201-698-7786,pending
663,Alan,aeldridgeie@com.com,551-373-1969,active
664,Cassi,cvolkersif@aboutads.info,259-949-7470,resolved
665,Tricia,tmeadowsig@vimeo.com,874-235-7020,resolved
666,Matti,mpikettih@wikimedia.org,364-332-4930,inactive
667,Willi,wkingerbyii@angelfire.com,886-989-9849,suspended
668,Feodor,fdeverickij@umn.edu,873-219-7097,on hold
669,Bethany,bdarrelik@mysql.com,207-801-9285,resolved
670,Natividad,nlanfranconiil@xinhuanet.com,245-840-6988,active
671,Hedy,holneyim_at_yellowbook.com,,in progress
672,Thorpe,tsmedmoorin@illinois.edu,,
673,Erie,escotchmurio@soundcloud.com,161-963-0831,active
674,Seka,sgowlerip@java.com,214-387-9222,completed
675,Saunders,,911-260-3409,on hold
676,Jermaine,,707-562-2314,cancelled
677,Kalil,kwyldboreis@foxnews.com,899-241-0472,resolved
678,Ninnette,ncristoforiit@latimes.com,,on hold
679, Adena , dobbingiu@deliciousdays.com,640-340-3243,
680, Elisha , tavinoriv@accuweather.com,,suspended
681,Falkner,fwanstalliw_at_e-recht24.de,,suspended
682,Tobin,tcromeix@foxnews.com,703-346-3772,archived
683,Briano,bcornauiy@tumblr.com,,resolved
684, Godwin , peirazziiz@ocn.ne.jp,492-166-4404,cancelled
685,Keeley,kpesslerj0@pbs.org,919-758-1696,suspended
686,Bjorn,bsallanj1@ustream.tv,270-748-5507,pending
687,Nikolas,nkellickj2@phpbb.com,527-427-7573,cancelled
688,Harvey,hbonifasj3@ibm.com,387-587-2512,inactive
689,Carson,chuxleyj4@nydailynews.com,451-193-4911,pending
690,Britt,,282-796-5166,suspended
691,Woodman,wpresswellj6@sphinn.com,852-335-1920,completed
692,Corbin,cdarwinj7@networksolutions.com,754-643-2840,completed
693,Gasper,gjuniferj8@biglobe.ne.jp,550-955-6647,suspended
694,Alicia,amatasj9@comsenz.com,175-768-4046,archived
695,Bertram,bpadmoreja@nature.com,454-218-3098,archived
696,Celeste,cbalstonejb@ft.com,539-931-6482,in progress
697,Julianne,,899-223-0741,resolved
698,Myrtice,mdeshortsjd@cnbc.com,,inactive
699,Opaline,odiggensje@sfgate.com,872-355-5762,pending
700,Kasper,krobertjf@oakley.com,715-844-3095,suspended
701, Serene , bernhardijg@livejournal.com,301-628-3658,suspended
702,Maurise,mhavvockjh@bbb.org,711-874-9452,active
703, Harmonia , adlardji@51.la,556-421-6309,active
704,Dwight,dgablejj@spotify.com,966-275-5469,
705,Shepard,slountjk@nature.com,917-496-3426,resolved
706,Ella,ewestonjl@cloudflare.com,716-975-0270,in progress
707,Con,clevingsjm_at_uiuc.edu,385-503-3599,inactive
708,Ronica,rmcgebenayjn@bandcamp.com,165-214-7496,in progress
709, Ola , coginjo@meetup.com,740-718-7833,
710,Blaine,bblacksterjp@merriam-webster.com,910-745-3819,inactive
711,Sisile,sjemmettjq@apache.org,606-910-5141,completed
712,Karen,kkeejr@google.nl,951-848-4680,on hold
713,Fonsie,fdudmeshjs@dmoz.org,,pending
714,Rogerio,rgirdlestonejt@eventbrite.com,117-571-8011,suspended
715, Gianni , shailerju@slashdot.org,399-475-1077,pending
716,Bradan,bhoutbyjv@cpanel.net,441-763-1179,archived
717, Jessalin , pardaljw@issuu.com,947-308-3049,pending
718,Garrett,gstoryjx@twitter.com,941-650-6955,
719,Thain,tblinckhornejy@businessweek.com,643-467-6615,in progress
720,Amaleta,atotterdelljz@people.com.cn,638-477-7386,on hold
721,Hazlett,hfranzottok0@sakura.ne.jp,761-517-2214,completed
722,Vivienne,vcullinanek1@ehow.com,886-777-1702,on hold
723,Dorie,djerdonk2@wordpress.org,792-745-9815,active
724,Marsiella,mkneafseyk3@baidu.com,359-470-9441,inactive
725,Wood,whughesdonk4@wsj.com,978-841-6653,cancelled
726,Pietrek,pghostk5@stumbleupon.com,664-646-3054,active
727,Haywood,hdoagk6@wordpress.com,523-691-9249,archived
728,Meier,mjeannessonk7@123-reg.co.uk,537-629-6832,inactive
729,Fay,fbramleyk8@aol.com,797-103-7849,pending
730,Dorene,djosskowitzk9@netlog.com,957-315-2407,
731,Raymond,,100-816-1617,inactive
732,Carlene,ckegginskb@canalblog.com,230-736-0589,
733,Donetta,dsinyardkc@wired.com,700-367-8114,on hold
734,Ernest,etiltekd@quantcast.com,137-184-1931,archived
735,Tresa,tjeramske@foxnews.com,337-419-8424,resolved
736,Eduard,ewarsapkf@parallels.com,210-596-1936,on hold
737, Davidson , lanneykg@toplist.cz,,archived
738,Andree,alidstonekh@w3.org,699-356-2786,inactive
739,Hashim,hmclarenki@fda.gov,423-225-5424,archived
740,Eleanore,epattingsonkj@tripod.com,288-229-5580,inactive
741,Glennis,gouldredkk@macromedia.com,180-407-5653,in progress
742,Jackie,jfolderkl@miibeian.gov.cn,755-992-4637,cancelled
743,Natividad,ngreethamkm@plala.or.jp,578-627-7159,
744,Justinn,jmobbskn@rambler.ru,,
745,Otes,obednallko@mlb.com,170-334-4762,on hold
746,Gwyneth,gcarlenskp@ed.gov,574-190-9352,active
747,Lori,,759-805-8754,on hold
748,Ashely,amusickakr@dedecms.com,862-126-5174,completed
749,Evelin,ekenwrightks@1und1.de,980-327-2405,completed
750,Kaspar,kcostekt@house.gov,451-643-4073,active
751,Isacco,ibarlthropku@csmonitor.com,428-338-1092,inactive
752,Sheilah,sfranekkv@cpanel.net,,inactive
753,Bond,bdungekw@nytimes.com,117-440-9144,active
754,Nataniel,nmabbskx@sakura.ne.jp,,suspended
755,Guthry,glayheky@about.com,478-669-2577,on hold
756,Gerhardt,gleinweberkz@slideshare.net,375-527-1408,archived
757,Karyl,kelmhirstl0@clickbank.net,328-938-1543,on hold
758,Lilla,lwoodingsl1@cmu.edu,377-423-7789,completed
759,Rancell,redwickel2@wisc.edu,152-586-7718,pending
760,Malena,mpaylerl3@sbwire.com,,pending
761,Lyndell,lcrafterl4@blinklist.com,876-917-9871,inactive
762,Gayler,gdurbinl5@networksolutions.com,885-451-4835,completed
763, Emalee , jeryl6@creativecommons.org,,completed
764, Blayne , scarffel7@state.tx.us,510-866-7211,in progress
765,Francoise,fmelbournel8@bandcamp.com,440-502-2213,active
766,Herta,hpankethmanl9@msn.com,849-403-1974,pending
767,Hesther,hisonla@kickstarter.com,727-223-3734,on hold
768,Tore,tnorreslb@umn.edu,995-647-8829,pending
769,Loy,lalyoshinlc@liveinternet.ru,370-926-1499,suspended
770,Hector,hglavinld@clickbank.net,344-890-8984,in progress
771,Marje,mtonepohlle@goo.gl,879-556-4675,in progress
772,Hewett,hvasilyevskilf@sakura.ne.jp,199-208-4912,suspended
773,Dorella,dthomssonlg@intel.com,953-160-9145,resolved
774,Sandro,sulyatlh@examiner.com,195-558-2778,completed
775,Dennet,dswettli@ebay.co.uk,,archived
776,Zarah,zdeloozelj@bluehost.com,514-868-2645,archived
777,Rubie,,249-655-5148,completed
778,Iona,ifiddymentll@msu.edu,343-763-4040,on hold
779,Clovis,cweedenburglm@de.vu,868-241-6174,inactive
780, Zechariah , taleworthln@parallels.com,333-269-2888,cancelled
781,Celestia,cferrareselo@bigcartel.com,941-775-0419,on hold
782, Eleanor , dezuanilp@salon.com,136-960-4441,pending
783,Quincy,qstoggelllq@booking.com,677-376-9038,archived
784, Rube , frodsamlr@drupal.org,824-906-7807,in progress
785,Bjorn,bplewmanls@ycombinator.com,510-437-4978,pending
786,Markus,mmollattlt_at_eventbrite.com,,pending
787,Nikolia,ncullingfordlu_at_samsung.com,821-717-1596,on hold
788,Flory,fwarrenlv@pcworld.com,471-112-1269,resolved
789,Lynea,lwellumlw@soup.io,129-399-0501,cancelled
790,Antonina,amclaelx@example.com,230-607-7672,active
791,Persis,ppellly@opera.com,780-166-6168,archived
792,Marena,mscoughlz@prnewswire.com,764-200-0116,
793,Leyla,ltoulsonm0@unc.edu,688-845-0106,active
794,Kristen,ksomertonm1@ustream.tv,907-778-2640,cancelled
795, Serene , trayhornm2@imdb.com,176-988-1849,suspended
796,Alina,astansfieldm3@theglobeandmail.com,361-830-3868,archived
797,Angelica,agallonm4@timesonline.co.uk,450-778-5615,in progress
798,Alyssa,asawnwym5@list-manage.com,233-260-6260,in progress
799,Maury,mpassm6@histats.com,359-432-4236,
800, Charlotta , sirettem7@discovery.com,719-530-1319,
801,Brewer,blodwigm8@miibeian.gov.cn,380-360-5690,
802,Felizio,fverbekem9@unblog.fr,463-646-6492,inactive
803,Merrilee,mchurmsma_at_boston.com,404-831-6686,inactive
804,Barclay,bczaplamb@gnu.org,516-649-6722,inactive
805,Helaina,,342-260-6561,
806,Leesa,locorhanemd@unc.edu,742-694-7870,cancelled
807,Dulcine,dsawersme@xinhuanet.com,837-649-0856,archived
808,Cathie,cbalconmf@army.mil,113-449-4629,cancelled
809,Winnie,wbennellmg@hubpages.com,926-433-3602,inactive
810,Ainslee,abarnshawmh@msn.com,799-728-7860,pending
811, Gabey , varahmi@xing.com,981-465-8638,completed
812,Warden,wbracermj@ow.ly,125-357-0122,inactive
813,Inger,imottomk_at_cbsnews.com,416-870-7806,archived
814,Margery,mhepherml@cbsnews.com,953-330-9514,active
815,Donella,dspurryermm@netlog.com,213-768-3304,suspended
816,Rudolfo,rtrasslermn@taobao.com,492-628-1556,cancelled
817,Richmond,rwhitelawmo@miitbeian.gov.cn,422-233-5273,completed
818,Alasdair,awynemp@patch.com,145-748-2105,archived
819,Kenon,,137-852-7014,cancelled
820,Welbie,wmurtaghmr@is.gd,982-384-2892,archived
821,Shay,spowdrellms@tiny.cc,212-670-8878,completed
822,Eliza,edimaggiomt@washington.edu,465-586-9349,on hold
823,Roxie,rpadulamu@boston.com,470-739-4694,on hold
824,Sidney,sedelheitmv@trellian.com,,inactive
825,Gabriell,gpynnermw@biblegateway.com,701-726-7434,resolved
826,Barbaraanne,bdesportmx@naver.com,163-621-8367,in progress
827,Vasili,vschuelckemy@patch.com,626-976-8785,completed
828,Noah,nsibthorpemz@gizmodo.com,910-239-5395,resolved
829,Calvin,cshoorbrooken0@wiley.com,718-968-6687,inactive
830,Albert,ahrinchenkon1@imgur.com,508-470-3199,completed
831,Curcio,ciapicon2@cafepress.com,,completed
832,Gussie,glillen3@barnesandnoble.com,718-738-9305,completed
833,Lothaire,lpenhallurickn4@fastcompany.com,813-907-9293,
834,Beale,bmarvelln5@wordpress.org,511-309-1762,resolved
835,Essy,ehaistwelln6@tumblr.com,708-738-3402,on hold
836,Jarrad,jswetlandn7@sina.com.cn,,in progress
837,Marissa,mdunbobbinn8@shareasale.com,528-718-6826,cancelled
838,Harbert,hcolledgen9@linkedin.com,,resolved
839,Salomone,sreastna@berkeley.edu,404-678-8356,active
840,Hayley,hsheppeynb@github.io,974-702-9739,resolved
841,Nan,,565-206-5980,on hold
842,Kristopher,kbenediktovichnd@economist.com,440-485-5010,active
843,Leta,livashintsovne@canalblog.com,207-217-1469,archived
844,Theodore,tswoffernf_at_merriam-webster.com,786-753-6666,inactive
845, Tanney ,,790-291-1367,completed
846,Galina,gfenneynh@youtube.com,569-335-9344,active
847,Ashleigh,adomonkosni@soup.io,275-642-7161,
848,Murry,msulleynj@wunderground.com,833-994-6627,on hold
849,Bartel,bgilburtnk@yandex.ru,805-191-5549,cancelled
850,Annissa,akiehlnl@macromedia.com,194-605-5351,
851,Leroi,lrosevearnm@soundcloud.com,381-534-5210,suspended
852,Valaree,vforsardnn@whitehouse.gov,721-772-2689,completed
853,Salim,sbalaizotno@homestead.com,926-256-2401,archived
854,Jeffy,jkearsnp@histats.com,525-320-0382,completed
855,Loree,lshrubshallnq_at_cocolog-nifty.com,447-693-3980,inactive
856,Helene,hclarycottnr@intel.com,892-626-1966,suspended
857,Charyl,cgudgeonns_at_springer.com,827-727-6217,pending
858,Findlay,fpfefflent@about.com,276-181-4450,completed
859,Claudie,,901-459-5165,
860,Karyn,kriccardnv@barnesandnoble.com,355-936-3211,suspended
861,Devora,,230-215-1461,archived
862,Sayres,smaseresnx@twitpic.com,604-595-2324,cancelled
863,Johanna,jcestardny@prnewswire.com,863-448-3568,resolved
864,Sonnie,,263-292-7786,
865,Gabrielle,gpratio0@theguardian.com,510-909-0196,cancelled
866,Rupert,rkennedyo1@i2i.jp,661-153-4537,pending
867, Edita , balmadiero2@comsenz.com,699-281-4081,pending
868,Chrissie,cmcgoogano3@usa.gov,119-163-0891,inactive
869,Walden,wsonscheino4@dropbox.com,,inactive
870,Burlie,,755-159-1749,
871,Kimble,kscandriteo6@ehow.com,703-192-6243,inactive
872,June,jmewburno7@people.com.cn,783-241-2268,
873,Moises,mvanderhoveno8@acquirethisname.com,442-684-2294,inactive
874,Fidela,fkampshello9@virginia.edu,304-328-5902,active
875,Slade,strillowoa@google.pl,443-465-3008,
876,Donielle,dpoynorob@washington.edu,390-744-6320,
877,Conroy,copferoc@yahoo.com,881-323-3992,in progress
878,Claribel,clastod@ezinearticles.com,154-402-1406,
879,Ainslie,atresiseoe@sfgate.com,148-494-0183,resolved
880,Daphne,disackeof@mapquest.com,593-294-9529,pending
881,Randell,rplayfootog@europa.eu,121-344-9885,in progress
882,Harvey,hhuleattoh@craigslist.org,861-881-5604,suspended
883,Maximilien,mdismoreoi@yellowbook.com,502-844-8763,suspended
884,Anthea,ahuygheoj@geocities.com,982-373-4645,cancelled
885,Benyamin,bpretleyok@domainmarket.com,463-482-3357,archived
886,Suzanna,sohartaganol@mozilla.com,730-157-2892,resolved
887,Stafford,scaghyom@mit.edu,748-524-2309,on hold
888,Farah,fritchmanon@vimeo.com,190-315-6559,archived
889,Hewet,hleghoo@archive.org,475-111-5608,resolved
890,Van,vbattershallop@homestead.com,239-543-9791,cancelled
891,Sunshine,sgrinyakinoq@ning.com,547-605-5050,inactive
892,Winfred,wlovekinor_at_blinklist.com,839-116-8122,in progress
893,Larine,lgallandos@hexun.com,672-793-5630,completed
894,Gerik,gkeyndot@studiopress.com,,pending
895,Lisetta,llowtonou@g.co,504-986-4188,pending
896,Dacia,ddocheov@bigcartel.com,257-411-8007,archived
897,Doria,dcorbyow@cisco.com,212-908-6615,completed
898,Shayla,,151-673-8785,suspended
899,Trish,tmenichioy@github.com,397-924-9250,on hold
900,Linnie,lmassotoz@disqus.com,210-803-6747,
901,Mal,mwillmottp0@usda.gov,986-994-5904,archived
902,Jorgan,jslanep1@linkedin.com,225-528-8690,completed
903,Free,,691-366-0335,pending
904,Luigi,lnanettip3@about.me,216-438-6923,suspended
905,Trace,,895-327-1770,completed
906,Collen,ccooplandp5@uol.com.br,,in progress
907,Kaycee,kmcphillimeyp6@miibeian.gov.cn,,resolved
908,Valeda,vscholefieldp7@google.co.jp,779-947-2830,resolved
909,Jed,,447-108-3031,inactive
910,Leanna,ltinemanp9@nhs.uk,313-407-1815,inactive
911,Katrinka,kseagepa@technorati.com,203-884-5664,on hold
912, Grete , jocelynpb_at_sohu.com,868-922-5752,completed
913,Chaunce,cpiddingtonpc@biglobe.ne.jp,145-420-8426,completed
914,Ingar,iwoolaghanpd@spiegel.de,370-431-2381,
915, Janette ,,597-293-8456,inactive
916,Zane,znoirelpf@a8.net,945-280-4864,on hold
917,Ash,adikelspg@wunderground.com,903-798-1360,inactive
918,Desi,dbengefieldph@facebook.com,839-373-9959,cancelled
919,Priscella,pdennidgepi@com.com,457-473-5169,cancelled
920,Tobias,tclaydonpj@google.pl,925-810-3395,suspended
921,Morlee,,520-113-2365,
922,Kermie,khemphreypl@time.com,442-699-4143,completed
923,Neil,nfallspm@biblegateway.com,302-372-9530,suspended
924,Maxi,meouzanpn@zdnet.com,515-480-8834,pending
925,Farrell,fbloomerpo@wp.com,507-648-2029,
926,Colette,craistrickpp@dmoz.org,756-125-6363,cancelled
927,Carline,cdossitpq@slate.com,721-324-2836,cancelled
928, Maryann , bondpr@bloomberg.com,576-990-4176,cancelled
929,Arne,aplaxtonps@ocn.ne.jp,329-130-7406,completed
930,Nikaniki,ncisnerospt@washington.edu,869-658-8398,completed
931,Hildegaard,hdeboickpu@amazonaws.com,998-866-2135,completed
932,Orsola,oanderbruggepv@about.com,430-694-2718,active
933,Demetrius,dharkinspw@sphinn.com,,on hold
934,Ninnette,ngonnellypx@creativecommons.org,319-630-8704,in progress
935,Dominique,dwimbridgepy@mozilla.org,,archived
936,Hercules,hkraftpz@deviantart.com,287-986-9564,pending
937,Noah,nmeekinq0@list-manage.com,932-451-0207,completed
938,Lilyan,lpilipetsq1@senate.gov,,
939,Borden,bsarsonsq2@msn.com,212-820-1937,pending
940,Helen-elizabeth,hsissonq3@xing.com,895-996-0749,on hold
941,Dare,dcolesonq4@admin.ch,928-828-0482,
942,Kym,kawinq5@hao123.com,968-794-0928,cancelled
943,Dulsea,dkamallq6@storify.com,385-342-2025,on hold
944,Salem,soakerq7@ebay.co.uk,264-718-0329,active
945,Guntar,givakhnoq8@ucsd.edu,620-911-0493,on hold
946,Josee,jgatherellq9@phoca.cz,310-273-0175,active
947,Viviene,veggintonqa@toplist.cz,235-473-2753,archived
948,Thoma,tlombqb@liveinternet.ru,494-212-1913,active
949,Bobina,byeldhamqc@mapy.cz,194-395-2707,inactive
950,Farrel,fchildeqd@go.com,443-381-6644,completed
951,Emanuel,edawesqe@addthis.com,704-776-2640,
952,Fidelity,fknealqf@blogs.com,816-680-8148,cancelled
953,Gabbie,gbrockingtonqg@gov.uk,366-749-5644,completed
954,Rochell,rvivyanqh@marriott.com,566-622-9453,active
955,Winonah,wmcclymontqi@globo.com,613-642-8274,on hold
956,Bail,bmccotterqj@devhub.com,172-522-7948,cancelled
957,Anallese,astichelqk@sfgate.com,705-943-3917,cancelled
958,Benson,bropkesql@stumbleupon.com,523-466-6095,
959,Tybi,tpavkovicqm@mac.com,639-816-2605,suspended
960,Tadeo,tbasillonqn@boston.com,784-626-7959,resolved
961,Kerk,kfiguraqo@patch.com,312-202-0520,on hold
962,Beltran,,713-345-4480,on hold
963,Esther,erosebladeqq@sourceforge.net,466-775-3297,inactive
964,Cletis,cbalwinqr@mac.com,141-836-6175,resolved
965,Odo,oglencrosqs@ebay.co.uk,870-459-5044,
966,Daryl,dwinsburyqt@thetimes.co.uk,848-664-9584,active
967, Corry , schimonekqu@paginegialle.it,724-465-5532,pending
968,Dene,,709-225-7342,archived
969,Nil,nthynneqw@alexa.com,444-379-1944,
970,Agnese,ablackborneqx@sohu.com,296-798-4976,in progress
971,Dame,didendenqy@barnesandnoble.com,856-687-9893,suspended
972,Melantha,mhayleyqz@sbwire.com,480-382-7669,inactive
973,Frazer,ffolletr0@dion.ne.jp,744-896-1420,pending
974,Joan,jwornumr1_at_netvibes.com,780-907-3110,active
975,Omar,otuppr2@xrea.com,759-758-5649,pending
976, Tilda , doddridger3@ow.ly,113-531-0061,suspended
977,Bamby,brisingr4@washingtonpost.com,661-670-3452,
978,Gothart,gbustinr5_at_skyrock.com,864-120-4402,inactive
979,Llywellyn,ldebeauchampr6@marketwatch.com,107-747-3430,inactive
980,Jedidiah,jbrodyr7@usatoday.com,380-479-7704,archived
981,Olvan,oguerrieror8@ebay.co.uk,,suspended
982,Zach,zarberr9@discuz.net,933-632-0403,suspended
983,Travus,ttossellra@businesswire.com,625-950-3751,pending
984,Em,ekerrb@domainmarket.com,934-405-1293,
985,Ceil,codonnellyrc@wiley.com,895-307-0515,resolved
986,Rufus,,190-872-3677,resolved
987,Oates,osloanre@phoca.cz,,active
988,Sherye,spressdeerf@bravesites.com,922-747-4659,
989,Licha,ltomaszczykrg@tripadvisor.com,855-327-5181,resolved
990,Jaime,jrushmererh@wikimedia.org,795-429-0080,resolved
991, Agna ,,468-602-6343,resolved
992,Nadine,nswitsurrj@liveinternet.ru,708-271-9434,archived
993,Rivkah,rninnisrk@msu.edu,746-158-5497,
994,Goran,gshambrookrl@who.int,186-217-3342,suspended
995,Robbie,rkigelmanrm@topsy.com,146-443-3250,
996,Di,dlindegardrn@dailymotion.com,727-370-0459,active
997, Talbert , luscombero@washington.edu,,resolved
998,Opal,ohriinchenkorp@opensource.org,360-304-9099,resolved
999,Joan,jambersonrq@ezinearticles.com,607-386-3451,resolved
1000,Kipp,kpotkinsrr@mozilla.com,154-598-7334,resolved
